{"cameraMode":{"drawMode":0,"name":"Shaded","section":"Shading Mode"},"sceneLighting":true,"audioPlay":false,"sceneViewState":{"showFog":true,"showMaterialUpdate":false,"showSkybox":true,"showFlares":true,"showImageEffects":true,"showParticleSystems":true,"showVisualEffectGraphs":true,"m_FxEnabled":true},"in2DMode":false,"pivot":{"x":0.10871809720993042,"y":-0.003919661045074463,"z":79.39568328857422},"rotation":{"x":-0.019805511459708215,"y":0.01709284633398056,"z":-0.0003398739208932966,"w":-0.9996619820594788},"size":7.033450603485107,"orthographic":false}